{
  "feasible_n": 71,
  "decoded_survival_on_feasible": 0.9788732394366197,
  "frac_full_on_feasible": 0.9577464788732394
}